<?xml version="1.0" encoding="UTF-8"?>
<project-private xmlns="http://www.netbeans.org/ns/project-private/1">
    <editor-bookmarks xmlns="http://www.netbeans.org/ns/editor-bookmarks/2" lastBookmarkId="0"/>
    <open-files xmlns="http://www.netbeans.org/ns/projectui-open-files/2">
        <group>
            <file>file:/C:/Users/DaPro/Desktop/paint2/src/paint/SaveFile.java</file>
            <file>file:/C:/Users/DaPro/Desktop/paint2/src/paint/Class2D.java</file>
            <file>file:/C:/Users/DaPro/Desktop/paint2/src/paint/pngSaveFilter.java</file>
            <file>file:/C:/Users/DaPro/Desktop/paint2/src/paint/GUI.java</file>
            <file>file:/C:/Users/DaPro/Desktop/paint2/src/paint/GraphicAdapter.java</file>
            <file>file:/C:/Users/DaPro/Desktop/paint2/src/paint/Class1D.java</file>
            <file>file:/C:/Users/DaPro/Desktop/paint2/src/paint/MyOval.java</file>
            <file>file:/C:/Users/DaPro/Desktop/paint2/src/paint/txtSaveFilter.java</file>
        </group>
    </open-files>
</project-private>
